{"best mean score": 0.7602279186248779, "train loss": 0.40522189659905505, "valid loss": 0.33640935892860097, "_timestamp": 1686640355.770744, "_runtime": 108.91272020339966, "_step": 4}