{"best mean score": 0.9660015106201172, "train loss": 0.07992858082257412, "valid loss": 0.04569382779300213, "_timestamp": 1694518947.798647, "_runtime": 13808.927250862122, "_step": 29, "_wandb": {"runtime": 13807}}