{"best mean score": 0.8531853556632996, "train loss": 0.3294210648327543, "valid loss": 0.30034882699449855, "_timestamp": 1686643139.8617432, "_runtime": 575.0840492248535, "_step": 6}