{"best mean score": 0.9408926963806152, "train loss": 0.09568313704049561, "valid loss": 0.09437729014704624, "_timestamp": 1686752344.6727633, "_runtime": 10381.238085269928, "_step": 29, "_wandb": {"runtime": 10374}}