{"best mean score": 0.946650505065918, "train loss": 0.0759523118776774, "valid loss": 0.07200566381216049, "_timestamp": 1694338949.507645, "_runtime": 16426.103621006012, "_step": 29, "_wandb": {"runtime": 16420}}