{"best mean score": 0.9449249505996704, "train loss": 0.08166972619451517, "valid loss": 0.0851892203403016, "_timestamp": 1686732212.929423, "_runtime": 11606.47613620758, "_step": 29, "_wandb": {"runtime": 11600}}