{"best mean score": 0.6393926739692688, "train loss": 0.008883050249833461, "valid loss": 0.0034522615769847498, "_timestamp": 1694713159.0630949, "_runtime": 4001.977136850357, "_step": 6}