{"best mean score": 0.9309897422790527, "train loss": 0.20901777699195806, "valid loss": 0.1144541761217018, "_timestamp": 1687010924.3743327, "_runtime": 629.7530786991119, "_step": 0}