{"best mean score": 0.8598480224609375, "train loss": 0.2791257791888189, "valid loss": 0.11415087431669235, "_timestamp": 1694491952.8678021, "_runtime": 187.6385681629181, "_step": 0}