{"best mean score": 0.1952107697725296, "train loss": -19.08496876224633, "valid loss": -50.618539799161454, "_timestamp": 1694701557.893679, "_runtime": 230.29302978515625, "_step": 0}