{"best mean score": 0.9716854095458984, "train loss": 0.0730817344318039, "valid loss": 0.03956132382154465, "_timestamp": 1694502285.97707, "_runtime": 9735.672557115555, "_step": 29, "_wandb": {"runtime": 9733}}