{"best mean score": 0.9749433994293213, "train loss": 0.07123453702753896, "valid loss": 0.029596304520964622, "_timestamp": 1694698764.6248815, "_runtime": 3715.606789588928, "_step": 29, "_wandb": {"runtime": 3709}}