{"best mean score": 0.9463657140731812, "train loss": 0.08639605060480617, "valid loss": 0.07924325515826543, "_timestamp": 1686826719.3610168, "_runtime": 9277.143509864807, "_step": 29, "_wandb": {"runtime": 9274}}