{"best mean score": 0.7257259488105774, "train loss": 0.43362094640036714, "valid loss": 0.3665694370865822, "_timestamp": 1686640682.0153658, "_runtime": 109.10573077201843, "_step": 4}