{"best mean score": 0.6315012574195862, "train loss": 0.08377817079070608, "valid loss": 0.06537760688799533, "_timestamp": 1694553700.024672, "_runtime": 17123.692353010178, "_step": 29, "_wandb": {"runtime": 17120}}