{"best mean score": 0.9246843457221985, "train loss": 0.1859008798905795, "valid loss": 0.07691942155361176, "_timestamp": 1694504862.1838691, "_runtime": 469.6457211971283, "_step": 0, "_wandb": {"runtime": 462}}