{"best mean score": 0.9273912906646729, "train loss": 0.21365197476944583, "valid loss": 0.11007860861718655, "_timestamp": 1687010155.043008, "_runtime": 630.2696120738983, "_step": 0, "_wandb": {"runtime": 619}}