{"best mean score": 0.943571925163269, "train loss": 0.08232665756998958, "valid loss": 0.08018514141440392, "_timestamp": 1694433725.6366584, "_runtime": 23312.515744447708, "_step": 29, "_wandb": {"runtime": 23306}}