{"best mean score": 0.6412394642829895, "train loss": 0.005225418336488932, "valid loss": 0.001297709601094556, "_timestamp": 1694708746.573759, "_runtime": 6665.095326185226, "_step": 29, "_wandb": {"runtime": 6658}}