{"best mean score": 0.6412649154663086, "train loss": 0.005247153670227688, "valid loss": 0.0025887684340866767, "_timestamp": 1694812153.7986987, "_runtime": 17109.34744668007, "_step": 29, "_wandb": {"runtime": 17092}}