{"best mean score": 0.6314136385917664, "train loss": 0.08460946855009552, "valid loss": 0.06745915508271605, "_timestamp": 1694647034.311251, "_runtime": 46214.0035238266, "_step": 29, "_wandb": {"runtime": 46208}}