{"best mean score": 0.9443416595458984, "train loss": 0.0859142085075726, "valid loss": 0.08805357851088047, "_timestamp": 1686648324.3745193, "_runtime": 4993.147445440292, "_step": 29, "_wandb": {"runtime": 4991}}