{"best mean score": 0.946211040019989, "train loss": 0.08798595521913583, "valid loss": 0.08426961287235221, "_timestamp": 1686767659.5253217, "_runtime": 14124.730439662933, "_step": 25}