{"best mean score": 0.9481738805770874, "train loss": 0.08296043870449556, "valid loss": 0.08636402509485683, "_timestamp": 1687030033.229459, "_runtime": 18564.874457120895, "_step": 29, "_wandb": {"runtime": 18540}}