{"best mean score": 0.38479894399642944, "train loss": 4.502092621441049, "valid loss": 3.042354679107666, "_timestamp": 1694350663.9677453, "_runtime": 996.847332239151, "_step": 0}