{"best mean score": 0.8902571201324463, "train loss": 0.2277613098335545, "valid loss": 0.20930992749830088, "_timestamp": 1686642420.710145, "_runtime": 1276.942137002945, "_step": 29, "_wandb": {"runtime": 1271}}